smiles,gene,pic50,relation
Cc1cc(Nc2ncc(C)c(N3CC(CC#N)(N4CCCC4)C3)n2)sn1,ABL1,5.45,=
Cc1ccc(NC(=O)C2CCC2)c(F)c1-c1ccc2cc(NC(=O)C3CC3)ncc2c1,ABL1,9.7,=
CC(C)n1c(C2CCOCC2)nc2cc(C(=O)Nc3ccc(OC(F)(F)Cl)cc3)cc(-c3cncnc3)c21,ABL1,9.6,=
CN(C)CCCN1c2ccccc2Sc2ccc(Cl)cc21,EGFR,4.54,=
[2H]C([2H])([2H])c1cc(Nc2ncc(Br)c(Nc3ccccc3S(=O)(=O)C3CC3)n2)ccc1N1CCN(C([2H])([2H])[2H])CC1,EGFR,10.05,=
CN(C)C(=O)CCc1c(SSc2[nH]c3ccccc3c2CCC(=O)N(C)C)[nH]c2ccccc12,EGFR,4.92,=
CN(CCc1c[nH]c2ccccc12)C(=O)c1ccc(-c2ccncc2)cc1,CDK2,4.04,=
NS(=O)(=O)c1ccc(N/C=C2\C(=O)Nc3ccc4ncccc4c32)cc1,CDK2,8.82,=
O=C1/C(=C2\Nc3ccccc3C2=O)Nc2ccccc21,CDK2,4.16,=
CN1CCC(c2cc(-c3ccc(F)cc3Cl)c3cc[n+]([O-])c(-c4c(Cl)cccc4Cl)c3n2)CC1,MAPK14,9.14,=
O=S(=O)(NCCNc1cc(-c2[nH]c(-c3ccccc3)nc2-c2cccc(O)c2)ccn1)c1c(Cl)cccc1Cl,MAPK14,4.84,=
Cc1ccc(-c2nccs2)cc1NC(=O)c1ccc(OCc2ccccn2)cc1,MAPK14,4.85,=
Nc1c(-c2ccc(F)cc2)c(-c2ccncc2)nn1-c1ccc([N+](=O)[O-])cc1,SRC,4.09,=
COc1cc(Nc2nccc(Oc3ccc(NC(=O)Nc4cc(C(C)C)nn4-c4ccc(C)cc4)c4ccccc34)n2)cc(C(=O)NCCN(C)C)c1,SRC,8.7,=
O=C1CCCc2nn(-c3ccc(Cl)cc3)c(-c3ccc(Cl)c(Cl)c3)c21,SRC,4.09,=
C[C@@]1(O)CCN(c2ncc(C(=O)Nc3ccc(OC(F)(F)F)cc3)cc2-c2cncnc2)C1,ABL1,9.4,=
C=CC(=O)Nc1ccc2ncnc(Nc3ccc(OCc4cccc(F)c4)c(Cl)c3)c2c1,ABL1,5.0,<
CS(=O)(=O)Cc1cccc(Nc2nccc(Oc3ccc4c(C(=O)Nc5ccccc5)cccc4c3)n2)c1,ABL1,5.0,<
CN1CCN(Cc2ccc(NC(=O)c3ccc(C4CC4)c(C#Cc4cnc5[nH]ncc5c4)c3)cc2C(F)(F)F)CC1,ABL1,8.35,=
Cc1cc(OCC2CCC(C(=O)O)C2)c(NC(=O)Nc2cnc(C#N)cn2)cc1Cl,ABL1,6.2,<
Nc1ccc2c(c1)/C(=C/c1ccc[nH]1)C(=O)N2,ABL1,4.3,<
COc1cc2ncnc(Nc3ccc(F)c(Cl)c3)c2cc1NC(=O)/C=C/CN1C[C@@H]2OCCO[C@H]2C1,EGFR,8.37,=
N#C/C(=C\c1cccc(-c2cccc3[nH]ncc23)c1)C(N)=O,EGFR,5.0,<
CCOC(=O)Nc1ccc(Oc2ncnc3cc(OC)c(OC)cc23)cc1,EGFR,5.0,<
CN(C)C/C=C/C(=O)NCc1cccc(-c2nc(-c3ccc(F)cc3)c(-c3ccnc4[nH]c(-c5ccccc5)cc34)[nH]2)c1,EGFR,8.21,=
COc1cc2ncnc(Nc3ccc(O[C@H]4CO[C@H]5[C@@H]4OC[C@@H]5O)c(Cl)c3)c2cc1OC,EGFR,7.0,<
COc1cc(N2CCN(CC(N)=O)C2=O)ccc1Nc1ncc(Cl)c(Nc2ccccc2S(=O)(=O)C(C)C)n1,EGFR,6.0,<
COc1cc(Nc2nccc(-c3cnn4ncccc34)n2)cc(C(F)(F)F)c1,CDK2,8.0,=
CN(C)CCCNC(=O)c1csc2nc(-c3ccc(NC(=O)Nc4cc(C(C)(C)C)on4)cc3)cn12,CDK2,5.0,<
Cc1ccc(NC(=O)Nc2ccc(NC(=O)c3csc4ncnc(N)c34)cc2)cc1,CDK2,5.1,<
COCc1cc(C(=O)Nc2cc([C@H]3CC[C@@H](OC(=O)NC(C)C)C3)[nH]n2)n(C)n1,CDK2,8.96,=
COc1cc(Nc2c(C#N)cnc3cc(/C=C/CCN4CCN(C)CC4)c(OC)cc23)c(Cl)cc1Cl,ABL1,9.4,=
COc1cc(Nc2c(C#N)cnc3cc(/C=C/CCN4CCN(C)CC4)c(OC)cc23)c(Cl)cc1Cl,EGFR,5.48,=
CNC(=O)c1cnc(N)c2c(-c3ccc(NC(=O)Nc4cccc(Cl)c4)cc3)csc12,ABL1,9.3,=
CNC(=O)c1cnc(N)c2c(-c3ccc(NC(=O)Nc4cccc(Cl)c4)cc3)csc12,CDK2,5.1,=
CN1CCN(Cc2ccc(-c3cnc4[nH]cc(-c5ccc6[nH]ccc6c5)c4c3)cc2)CC1,ABL1,8.34,=
CN1CCN(Cc2ccc(-c3cnc4[nH]cc(-c5ccc6[nH]ccc6c5)c4c3)cc2)CC1,MAPK14,4.92,=
Cn1cc(/C=C2\Oc3cccc(O)c3C2=O)c2c(-c3ccc(C(=O)NCCO)cc3)ccnc21,ABL1,8.01,=
Cn1cc(/C=C2\Oc3cccc(O)c3C2=O)c2c(-c3ccc(C(=O)NCCO)cc3)ccnc21,SRC,4.3,=
COc1cc(C2=C(c3c[nH]c4ccccc34)C(=O)NC2=O)cc(OC)c1OC,ABL1,4.03,=
COc1cc(C2=C(c3c[nH]c4ccccc34)C(=O)NC2=O)cc(OC)c1OC,KDR,8.09,=
CN(C)Cc1cc(C(=O)N[C@@H]2CCc3ccc(Oc4ccnc5c4CCC(=O)N5)cc3C2)cc(C(F)(F)F)c1,ABL1,8.92,=
CN(C)Cc1cc(C(=O)N[C@@H]2CCc3ccc(Oc4ccnc5c4CCC(=O)N5)cc3C2)cc(C(F)(F)F)c1,LCK,6.21,=
CN1C/C=C/CCOc2cccc(c2)-c2ccnc(n2)Nc2cccc(c2)C1,EGFR,4.1,=
CN1C/C=C/CCOc2cccc(c2)-c2ccnc(n2)Nc2cccc(c2)C1,CDK2,7.89,=
Cc1nccn2c(-c3ccnc(NCC(C)(C)CO)n3)c(-c3ccc(F)cc3F)nc12,EGFR,5.8,=
Cc1nccn2c(-c3ccnc(NCC(C)(C)CO)n3)c(-c3ccc(F)cc3F)nc12,MAPK14,9.9,=
Cc1cc(Nc2ncc(C(=O)Nc3c(C)cccc3Cl)s2)nc(C)n1,EGFR,5.28,=
Cc1cc(Nc2ncc(C(=O)Nc3c(C)cccc3Cl)s2)nc(C)n1,SRC,9.3,=
C=CC(=O)Nc1cc2c(Nc3ccc(F)c(Cl)c3)ncnc2cc1OCCCN1CCOCC1,EGFR,9.34,=
C=CC(=O)Nc1cc2c(Nc3ccc(F)c(Cl)c3)ncnc2cc1OCCCN1CCOCC1,KDR,4.6,=
Brc1cccc(Nc2ncnc3cnc(NCCN4CCOCC4)cc23)c1,EGFR,9.15,=
Brc1cccc(Nc2ncnc3cnc(NCCN4CCOCC4)cc23)c1,INSR,4.3,<
Brc1cccc(Nc2ncnc3cnc(NCCN4CCOCC4)cc23)c1,SRC,4.3,<
C#CCN(c1ccc2ncc(-c3cnn(C)c3)nc2c1)c1c(F)c(OC)cc(OC)c1F,KDR,7.65,=
C#CCN(c1ccc2ncc(-c3cnn(C)c3)nc2c1)c1c(F)c(OC)cc(OC)c1F,FGFR1,5.0,<
C#CCN(c1ccc2ncc(-c3cnn(C)c3)nc2c1)c1c(F)c(OC)cc(OC)c1F,FGFR3,5.0,<
C#CCN(c1ccc2ncc(-c3cnn(C)c3)nc2c1)c1c(F)c(OC)cc(OC)c1F,FLT3,5.0,<
C#Cc1cc(Nc2nccc(Oc3ccc(NC(=O)Nc4cc(C(C)(C)C)nn4C)c4ccccc34)n2)cc(C(=O)NCCOCCOCCOC)c1,SRC,8.3,=
C#Cc1cc(Nc2nccc(Oc3ccc(NC(=O)Nc4cc(C(C)(C)C)nn4C)c4ccccc34)n2)cc(C(=O)NCCOCCOCCOC)c1,SYK,6.0,<
